industry,State,Company Name,Job Listing,Date Added,Applied (Y/N)
SaaS / software vendors,Remote,Headspace,Senior Data Engineer - https://job-boards.greenhouse.io/hs/jobs/7776483,2026-08-24,N
Fintech & payments,Remote,Gemini,Senior Data Engineer - https://job-boards.greenhouse.io/gemini/jobs/8076827,2026-08-24,Y
Fintech & payments,Remote,Gemini,Senior Data Platform Engineer - https://job-boards.greenhouse.io/gemini/jobs/8099895,2026-08-24,Y
E-commerce,Remote,Instacart,"Senior Data Engineer II, Finance - https://instacart.careers/job/?gh_jid=8132846",2026-08-24,Y
Telecommunications,Remote,Twilio,"Staff, Business Intelligence Engineer - https://job-boards.greenhouse.io/twilio/jobs/8074762",2026-08-24,Y
"Insurance (P&C, life, health, reinsurance)",Remote,Quanata,Senior Data Engineer - https://job-boards.greenhouse.io/quanata/jobs/5766176004,2026-08-25,N
"Insurance (P&C, life, health, reinsurance)",Iowa,Athene,Sr BI Analytics Engineer - https://athene.wd5.myworkdayjobs.com/athene_careers/job/West-Des-Moines-Iowa/Sr-BI-Analytics-Engineer_R254801,2026-08-25,N
AdTech / MarTech,Remote,EDO,Senior Data Engineer - https://job-boards.greenhouse.io/edo/jobs/4990634007,2026-08-25,N
Health insurance / payers,Remote,Waymark,Senior/Principal Data Engineer - https://job-boards.greenhouse.io/waymark/jobs/4030307005,2026-08-25,N
SaaS / software vendors,Remote,SimplePractice,Senior Data Engineer - https://www.simplepractice.com/careers/roles/5598124004/?gh_jid=5598124004,2026-08-25,N
